config_id,pop_size,pc,pm,selection,fit_media,fit_dp,profit_media,profit_dp,gen_media,gen_dp,melhor_profit_global
pop50_pc0.6_pm0.01_tournament_k3,50,0.6,0.01,tournament_k3,15386.3,169.91,15386.3,169.91,158.43,69.61,15662
pop50_pc0.6_pm0.03_tournament_k3,50,0.6,0.03,tournament_k3,15550.97,83.08,15550.97,83.08,154.2,49.78,15728
pop50_pc0.6_pm0.05_tournament_k3,50,0.6,0.05,tournament_k3,15467.83,94.11,15467.83,94.11,152.3,62.18,15682
pop50_pc0.8_pm0.01_tournament_k3,50,0.8,0.01,tournament_k3,15438.07,125.89,15438.07,125.89,142.3,51.95,15706
pop50_pc0.8_pm0.03_tournament_k3,50,0.8,0.03,tournament_k3,15556.23,70.7,15556.23,70.7,147.2,44.12,15685
pop50_pc0.8_pm0.05_tournament_k3,50,0.8,0.05,tournament_k3,15471.87,89.48,15471.87,89.48,145.83,52.95,15622
pop50_pc0.9_pm0.01_tournament_k3,50,0.9,0.01,tournament_k3,15408.8,118.56,15408.8,118.56,129.47,38.45,15629
pop50_pc0.9_pm0.03_tournament_k3,50,0.9,0.03,tournament_k3,15571.13,62.52,15571.13,62.52,164.6,50.43,15672
pop50_pc0.9_pm0.05_tournament_k3,50,0.9,0.05,tournament_k3,15445.47,94.51,15445.47,94.51,122.6,41.6,15631
pop100_pc0.6_pm0.01_tournament_k3,100,0.6,0.01,tournament_k3,15555.0,106.4,15555,106.4,146.9,56.92,15741
pop100_pc0.6_pm0.03_tournament_k3,100,0.6,0.03,tournament_k3,15591.43,63.83,15591.43,63.83,139.17,41.64,15680
pop100_pc0.6_pm0.05_tournament_k3,100,0.6,0.05,tournament_k3,15448.13,65.96,15448.13,65.96,128.77,53.6,15578
pop100_pc0.8_pm0.01_tournament_k3,100,0.8,0.01,tournament_k3,15557.07,82.06,15557.07,82.06,153.57,61.54,15699
pop100_pc0.8_pm0.03_tournament_k3,100,0.8,0.03,tournament_k3,15561.07,70.26,15561.07,70.26,138.37,46.03,15739
pop100_pc0.8_pm0.05_tournament_k3,100,0.8,0.05,tournament_k3,15456.97,65.42,15456.97,65.42,125.53,32.94,15592
pop100_pc0.9_pm0.01_tournament_k3,100,0.9,0.01,tournament_k3,15585.6,80.71,15585.6,80.71,139.07,50.13,15718
pop100_pc0.9_pm0.03_tournament_k3,100,0.9,0.03,tournament_k3,15586.0,67.23,15586,67.23,153.17,44.0,15696
pop100_pc0.9_pm0.05_tournament_k3,100,0.9,0.05,tournament_k3,15483.33,78.71,15483.33,78.71,142.47,47.97,15622
pop200_pc0.6_pm0.01_tournament_k3,200,0.6,0.01,tournament_k3,15633.8,91.62,15633.8,91.62,152.67,50.88,15757
pop200_pc0.6_pm0.03_tournament_k3,200,0.6,0.03,tournament_k3,15604.73,64.91,15604.73,64.91,141.33,55.63,15711
pop200_pc0.6_pm0.05_tournament_k3,200,0.6,0.05,tournament_k3,15508.13,72.56,15508.13,72.56,135.1,49.48,15653
pop200_pc0.8_pm0.01_tournament_k3,200,0.8,0.01,tournament_k3,15645.97,65.59,15645.97,65.59,143.87,45.98,15743
pop200_pc0.8_pm0.03_tournament_k3,200,0.8,0.03,tournament_k3,15600.87,60.89,15600.87,60.89,153.13,47.36,15692
pop200_pc0.8_pm0.05_tournament_k3,200,0.8,0.05,tournament_k3,15457.1,79.34,15457.1,79.34,106.93,37.46,15602
pop200_pc0.9_pm0.01_tournament_k3,200,0.9,0.01,tournament_k3,15668.63,54.55,15668.63,54.55,141.8,37.63,15747
pop200_pc0.9_pm0.03_tournament_k3,200,0.9,0.03,tournament_k3,15583.0,70.53,15583,70.53,147.8,51.09,15741
pop200_pc0.9_pm0.05_tournament_k3,200,0.9,0.05,tournament_k3,15448.27,75.98,15448.27,75.98,113.47,38.6,15606
pop50_pc0.6_pm0.01_roulette,50,0.6,0.01,roulette,15282.37,157.49,15282.37,157.49,139.47,61.8,15591
pop50_pc0.6_pm0.03_roulette,50,0.6,0.03,roulette,15257.9,108.23,15257.9,108.23,108.73,53.84,15497
pop50_pc0.6_pm0.05_roulette,50,0.6,0.05,roulette,15255.07,100.22,15255.07,100.22,120.13,46.78,15486
pop50_pc0.8_pm0.01_roulette,50,0.8,0.01,roulette,15290.83,107.51,15290.83,107.51,114.8,41.49,15491
pop50_pc0.8_pm0.03_roulette,50,0.8,0.03,roulette,15231.8,116.83,15231.8,116.83,112.7,43.29,15528
pop50_pc0.8_pm0.05_roulette,50,0.8,0.05,roulette,15230.33,87.35,15230.33,87.35,107.13,42.22,15397
pop50_pc0.9_pm0.01_roulette,50,0.9,0.01,roulette,15298.43,107.61,15298.43,107.61,126.93,49.05,15490
pop50_pc0.9_pm0.03_roulette,50,0.9,0.03,roulette,15269.6,122.9,15269.6,122.9,116.67,54.87,15496
pop50_pc0.9_pm0.05_roulette,50,0.9,0.05,roulette,15238.77,92.01,15238.77,92.01,95.93,36.68,15389
pop100_pc0.6_pm0.01_roulette,100,0.6,0.01,roulette,15276.97,117.04,15280.2,116.78,115,55.41,15496
pop100_pc0.6_pm0.03_roulette,100,0.6,0.03,roulette,15264.57,96.2,15264.57,96.2,102.93,41.5,15480
pop100_pc0.6_pm0.05_roulette,100,0.6,0.05,roulette,15231.83,87.46,15231.83,87.46,93.2,35.65,15407
pop100_pc0.8_pm0.01_roulette,100,0.8,0.01,roulette,15282.4,124.22,15282.4,124.22,105.63,53.67,15633
pop100_pc0.8_pm0.03_roulette,100,0.8,0.03,roulette,15293.33,129.07,15293.33,129.07,109.37,36.73,15638
pop100_pc0.8_pm0.05_roulette,100,0.8,0.05,roulette,15254.53,97.19,15254.53,97.19,98.7,34.13,15492
pop100_pc0.9_pm0.01_roulette,100,0.9,0.01,roulette,15288.6,87.29,15288.6,87.29,116.8,45.19,15495
pop100_pc0.9_pm0.03_roulette,100,0.9,0.03,roulette,15226.5,81.89,15226.5,81.89,95.47,31.28,15405
pop100_pc0.9_pm0.05_roulette,100,0.9,0.05,roulette,15233.5,70.15,15233.5,70.15,98.43,29.1,15407
pop200_pc0.6_pm0.01_roulette,200,0.6,0.01,roulette,15274.3,103.91,15274.3,103.91,110.97,40.05,15492
pop200_pc0.6_pm0.03_roulette,200,0.6,0.03,roulette,15328.5,104.92,15328.5,104.92,111.77,43.29,15582
pop200_pc0.6_pm0.05_roulette,200,0.6,0.05,roulette,15268.77,64.17,15268.77,64.17,101.2,40.32,15377
pop200_pc0.8_pm0.01_roulette,200,0.8,0.01,roulette,15266.0,106.48,15266,106.48,97.6,37.28,15514
pop200_pc0.8_pm0.03_roulette,200,0.8,0.03,roulette,15295.1,89.31,15295.1,89.31,103.6,48.31,15509
pop200_pc0.8_pm0.05_roulette,200,0.8,0.05,roulette,15285.83,88.22,15285.83,88.22,99.47,30.67,15460
pop200_pc0.9_pm0.01_roulette,200,0.9,0.01,roulette,15300.73,107.79,15300.73,107.79,96.5,40.32,15488
pop200_pc0.9_pm0.03_roulette,200,0.9,0.03,roulette,15258.17,90.45,15258.17,90.45,93.93,32.98,15444
pop200_pc0.9_pm0.05_roulette,200,0.9,0.05,roulette,15260.13,75.66,15260.13,75.66,88.23,31.25,15448
